SUPER FAMILY,FAMILY,SUB FAMILY,FAMILY COMMON NAME,SPECIES,COMMON NAME,DESCRIPTION,STATES,HOST PLANTS
Hesperioidea,Hesperiidae,,Skippers,Poanes Aaroni,Aaron's Skipper,"","DE, MD, NJ, NY, NC, VA","Panicum, Spartina"
Papilionoidea,Lycaenidae,,Gossamer-winged,Satyrium Acadica,Acadian Hairstreak,"","CT, MD, MA, NJ, NY, OH, PA, RI","Salix"
Hesperioidea,Hesperiidae,,Skippers,Euphyes Alabamae,Alabama skipper,"","NC, VA",""
Papilionoidea,Lycaenidae,,Gossamer-winged,Lycaena Phlaeas,American Copper,"","CT, DE, MD, MA, NJ, NY, NC, OH, PA, RI, VA, WV","Rumex"
Papilionoidea,Lycaenidae,,Gossamer-winged,Celastrina Idella,American Holly Azure,"","DE, MD, NJ, NC, VA","Ilex"
Papilionoidea,Nymphalidae,,Brush-footed,Vanessa Virginiensis,American Lady,"","CT, DE, MD, MA, NJ, NY, NC, OH, PA, RI, VA, WV","Anaphalis, Antennaria, Antirrhinum, Artemisia, Aster, Diospyros, Gamochaeta, Gnaphalium, Myosotis, Pseudognaphalium, Senecio"
Papilionoidea,Nymphalidae,,Brush-footed,Agraulis Vanillae,American Snout,"","DE, MD, NJ, NY, NC, OH, PA, VA","Passiflora"
Papilionoidea,Nymphalidae,,Brush-footed,Dione Vanillae,American Snout,"","DE, MD, NJ, NY, NC, OH, PA, VA",""
Papilionoidea,Nymphalidae,Libytheidae,Snout Butterflies,Libytheana Carinenta,American Snout,"","CT, DE, MD, MA, NJ, NY, NC, OH, PA, RI, VA","Celtis, Symphoricarpos"
Papilionoidea,Nymphalidae,,Brush-footed,Speyeria Aphrodite,Aphrodite Fritillary,"","MD, MA, NJ, NY, NC, OH, PA, VA, WV","Viola"
Papilionoidea,Lycaenidae,,Gossamer-winged,Celastrina Neglectamajor,Appalachian Azure,"","CT, DE, MD, NJ, NY, NC, OH, PA, VA, WV","Actaea"
Papilionoidea,Nymphalidae,Satyridae,Browns,Satyrodes Appalachia,Appalachian Brown,"","CT, DE, MD, MA, NJ, NY, NC, OH, PA, RI, VA, WV","Carex, Rhynchospora"
Hesperioidea,Hesperiidae,,Skippers,Pyrgus Centaureae Wyandot,Appalachian Grizzled Skipper,"","MD, NJ, NY, NC, PA, VA","Fragaria"
Hesperioidea,Hesperiidae,,Skippers,Pyrgus Wyandot,Appalachian Grizzled Skipper,"","MD, NJ, NY, PA",""
Papilionoidea,Papilionidae,,Swallowtails,Pterourus Appalachiensis,Appalachian Tiger Swallowtail,"","",""
Papilionoidea,Nymphalidae,,Brush-footed,Boloria Chariclea,Arctic Fritillary,"","PA, VA",""
Hesperioidea,Hesperiidae,,Skippers,Carterocephalus Palaemon,Arctic Skipper,"","CT, MA, NJ, NY, PA","Calamagrostis"
Hesperioidea,Hesperiidae,,Skippers,Carterocephalus Palaemon Mandan,Arctic Skipper,"","CT, MA, NJ, NY, PA",""
Hesperioidea,Hesperiidae,,Skippers,Atrytone Arogos,Arogos Skipper,"","NJ, NY, NC, OH, PA, VA","Andropogon, Ctenium, Schizachyrium, Sorghastrum"
Papilionoidea,Nymphalidae,,Brush-footed,Boloria Selene,Atlantis Fritillary,"","CT, MD, MA, NJ, NY, OH, PA, RI, VA, WV","Viola"
Papilionoidea,Lycaenidae,,Gossamer-winged,Satyrium Calanus,Banded Hairstreak,"","CT, DE, MD, MA, NJ, NY, NC, OH, PA, RI, VA, WV","Acer, Carya, Castanea, Fraxinus, Juglans, Malus, Quercus"
Papilionoidea,Nymphalidae,,Brush-footed,Basilarchia Arthemis,Banded Purple,"","CT, DE, MD, MA, NJ, NY, NC, OH, PA, RI, VA, WV","Alnus, Amelanchier, Betula, Carpinus, Crataegus, Cydonia, Fagus, Gaylussacia, Malus, Populus, Prunus, Pyrus, Quercus, Salix, Sorbus, Tilia, Ulmus, Vaccinium"
Papilionoidea,Pieridae,,Whites & Sulfers,Eurema Daira,Barred Yellow,"","NC, RI, VA","Aeschynomene, Cassia, Glycine, Indigofera, Medicago, Stylosanthes, Trifolium, Vicia"
Hesperioidea,Hesperiidae,,Skippers,Amblyscirtes Belli,Bell's Roadside-Skipper,"","OH, PA",""
Hesperioidea,Hesperiidae,,Skippers,Euphyes Conspicua,Black Dash,"","CT, DE, MD, MA, NJ, NY, NC, OH, PA, RI, VA, WV","Carex"
Papilionoidea,Papilionidae,,Swallowtails,Papilio Polyxenes,Black Swallowtail,"","CT, DE, MD, MA, NJ, NY, NC, OH, PA, RI, VA, WV","Anethum, Angelica, Apium, Cicuta, Cryptotaenia, Daucus, Dictamnus, Eryngium, Foeniculum, Magnolia, Osmorhiza, Oxypolis, Pastinaca, Petroselinum, Ptilimnium, Ruta, Sium, Spermolepis, Taenidia, Thaspium, Zizia"
Papilionoidea,Lycaenidae,,Gossamer-winged,Lycaena Epixanthe,Bog Copper,"","CT, MD, MA, NJ, NY, OH, PA, RI, WV","Vaccinium"
Papilionoidea,Lycaenidae,,Gossamer-winged,Callophrys Lanoraieensis,Bog Elfin,"","NY, OH","Picea"
Papilionoidea,Nymphalidae,,Brush-footed,Boloria Eunomia,Bog Fritillary,"","PA, VA",""
Hesperioidea,Hesperiidae,,Skippers,Calpodes Ethlius,Brazilian Skipper,"","MD, NJ, NY, NC, PA, VA","Canna"
Hesperioidea,Hesperiidae,,Skippers,Poanes Viator,Broad-winged Skipper,"","CT, DE, MD, MA, NJ, NY, NC, OH, PA, RI, VA","Carex, Zizania, Zizaniopsis"
Hesperioidea,Hesperiidae,,Skippers,Poanes Viator Zizaniae,Broad-winged Skipper,"","","Panicum, Phragmites, Zizania, Zizaniopsis"
Papilionoidea,Lycaenidae,,Gossamer-winged,Lycaena Hyllus,Bronze Copper,"","CT, DE, MD, MA, NJ, NY, OH, PA, RI, VA, WV","Rumex"
Papilionoidea,Lycaenidae,,Gossamer-winged,Callophrys Augustinus,Brown Elfin,"","CT, DE, MD, MA, NJ, NY, NC, OH, PA, RI, VA, WV",""
Hesperioidea,Hesperiidae,,Skippers,Problema Byssus,Byssus Skipper,"","NC, PA","Andropogon, Tripsacum"
Papilionoidea,Pieridae,,Whites & Sulfers,Pieris Rapae,Cabbage White,"","CT, DE, MD, MA, NJ, NY, NC, OH, PA, RI, VA, WV","Brassica, Lepidium, Nasturtium, Raphanus, Rorippa, Sinapis, Tropaeolum"
Papilionoidea,Nymphalidae,,Brush-footed,Nymphalis Californica,California Tortoiseshell,"","NY, PA","Ceanothus, Medicago"
Papilionoidea,Papilionidae,,Swallowtails,Papilio Canadensis,Canadian Tiger Swallowtail,"","CT, MA, NY, PA, RI, WV","Acer, Alnus, Amelanchier, Betula, Carya, Corylus, Crataegus, Fraxinus, Malus, Populus, Prunus, Salix, Sorbus, Syringa, Tilia, Ulmus"
Hesperioidea,Hesperiidae,,Skippers,Amblyscirtes Carolina,Carolina Roadside-Skipper,"","NC, VA","Arundinaria"
Papilionoidea,Nymphalidae,Satyridae,Browns,Hermeuptychia Hermes Sosybius,Carolina Satyr,"","MD, NJ, NC, VA, WV",""
Papilionoidea,Nymphalidae,Satyridae,Browns,Hermeuptychia Sosybius,Carolina Satyr,"","MD, NJ, NC, OH, PA, RI, VA, WV","Axonopus, Cynodon, Oplismenus, Stenotaphrum, Urochloa"
Papilionoidea,Lycaenidae,,Gossamer-winged,Leptotes Cassius,Cassius Blue,"","VA",""
Papilionoidea,Lycaenidae,,Gossamer-winged,Hemiargus Ceraunus,Ceraunus Blue,"","NC, PA","Chamaecrista, Indigofera, Sesbania"
Papilionoidea,Pieridae,,Whites & Sulfers,Pieris Protodice,Checkered White,"","DE, MD, NJ, NY, NC, PA, VA",""
Papilionoidea,Pieridae,,Whites & Sulfers,Pontia Protodice,Checkered White,"","CT, DE, MD, MA, NJ, NY, NC, OH, PA, RI, VA, WV","Arabis, Barbarea, Brassica, Capsella, Chorispora, Cleome, Descurainia, Draba, Lepidium, Sisymbrium, Thlaspi"
Papilionoidea,Nymphalidae,,Brush-footed,Charidryas Palla,Checkerspots,"","",""
Hesperioidea,Hesperiidae,,Skippers,Lerema Accius,Clouded Skipper,"","CT, DE, MD, NJ, NY, NC, OH, PA, RI, VA, WV","Arundinaria, Arundo, Bambusa, Chasmanthium, Dichanthelium, Echinochloa, Imperata, Panicum, Paspalum, Pennisetum, Phanopyrum, Phyllostachys, Saccharum, Setaria, Sorghum, Tridens, Tripsacum, Urochloa, Zea, Zizaniopsis"
Papilionoidea,Pieridae,,Whites & Sulfers,Colias Philodice,Clouded Sulphur,"","DE, MD, MA, NJ, NY, NC, OH, PA, VA, WV","Astragalus, Medicago, Melilotus, Trifolium, Vicia"
Papilionoidea,Pieridae,,Whites & Sulfers,Phoebis Sennae,Cloudless Sulphur,"","CT, DE, MD, MA, NJ, NY, NC, OH, PA, RI, VA, WV","Cassia, Chamaecrista, Senna"
Hesperioidea,Hesperiidae,,Skippers,Hesperia Metea,Cobweb Skipper,"","CT, DE, MD, MA, NJ, NY, NC, OH, PA, RI, VA, WV","Agropyron, Schizachyrium"
Hesperioidea,Hesperiidae,,Skippers,Megathymus Cofaqui,Cofaqui Giant-Skipper,"","NC, PA","Yucca"
Hesperioidea,Hesperiidae,,Skippers,Erynnis Lucilius,Columbine Duskywing,"","CT, MA, NJ, NY, OH, PA, RI, VA, WV","Aquilegia, Lupinus"
Hesperioidea,Hesperiidae,,Skippers,Hesperia Comma,Common Branded Skipper,"","RI","Bromus, Festuca, Lolium, Poa"
Papilionoidea,Nymphalidae,,Brush-footed,Junonia Coenia,Common Buckeye,"","MD, OH",""
Hesperioidea,Hesperiidae,,Skippers,Pyrgus Communis,Common Checkered-Skipper,"","CT, MD, MA, NJ, NY, NC, OH, PA, RI, VA, WV","Alcea, Callirhoe, Chenopodium, Malva, Sida, Sidalcea"
Papilionoidea,Nymphalidae,Satyridae,Browns,Coenonympha Tullia,Common Ringlet,"","CT, MA, NJ, NY, PA, RI","Agrostis, Festuca, Poa"
Hesperioidea,Hesperiidae,,Skippers,Amblyscirtes Vialis,Common Roadside-Skipper,"","CT, MD, NJ, NY, NC, OH, PA, VA, WV","Agrostis, Chasmanthium, Poa, Saccharum"
Hesperioidea,Hesperiidae,,Skippers,Pholisora Catullus,Common Sootywing,"","CT, DE, MD, MA, NJ, NY, NC, OH, PA, RI, VA, WV","Amaranthus, Ambrosia, Chenopodium"
Papilionoidea,Nymphalidae,Satyridae,Browns,Cercyonis Pegala,Common Wood Nymph,"","CT, DE, MD, MA, NJ, NY, NC, OH, PA, RI, VA, WV","Andropogon, Avena, Bothriochloa, Hesperostipa, Poa, Tridens"
Papilionoidea,Nymphalidae,,Brush-footed,Nymphalis Vaualbum,Compton Tortoiseshell,"","CT, MD, MA, NJ, NY, NC, OH, PA, RI, VA, WV","Betula, Humulus, Malus, Populus, Salix, Ulmus"
Papilionoidea,Nymphalidae,,Brush-footed,Roddia Vaualbum,Compton Tortoiseshell,"","CT, MD, MA, NJ, NY, NC, OH, PA, RI, VA, WV",""
Hesperioidea,Hesperiidae,,Skippers,Thorybes Confusis,Confusing Cloudywing,"","DE, MD, NJ, NC, OH, PA, RI, VA","Lespedeza, Tephrosia"
Papilionoidea,Lycaenidae,,Gossamer-winged,Harkenclenus Titus,Coral Hairstreak,"","CT, DE, MD, MA, NJ, NY, NC, OH, PA, RI, VA, WV","Photinia, Prunus"
Papilionoidea,Lycaenidae,,Gossamer-winged,Satyrium Titus,Coral Hairstreak,"","CT, DE, MD, MA, NJ, NY, NC, OH, PA, RI, VA, WV","Photinia, Prunus"
Papilionoidea,Nymphalidae,Satyridae,Browns,Enodia Creola,Creole Pearly Eye,"","NC, RI, VA","Arundinaria"
Hesperioidea,Hesperiidae,,Skippers,Polites Origenes,Crossline Skipper,"","CT, DE, MD, MA, NJ, NY, NC, OH, PA, RI, VA, WV","Andropogon, Schizachyrium, Tridens"
Papilionoidea,Pieridae,,Whites & Sulfers,Nathalis Iole,Dainty Sulphur,"","NC, PA, VA, WV","Bidens, Dyssodia, Erodium, Galium, Mollugo, Stellaria, Tagetes"
Hesperioidea,Hesperiidae,,Skippers,Antrytone Logan,Delaware Skipper,"","CT, DE, MD, MA, NJ, NY, NC, OH, PA, RI, VA, WV","Andropogon, Arundinaria, Imperata, Panicum, Saccharum, Sorghastrum"
Hesperioidea,Hesperiidae,,Skippers,Atrytone Delaware,Delaware Skipper,"","",""
Hesperioidea,Hesperiidae,,Skippers,Euphyes Dion,Dion Skipper,"","CT, DE, MD, MA, NJ, NY, NC, OH, PA, RI, VA","Carex, Scirpus"
Papilionoidea,Lycaenidae,,Gossamer-winged,Lycaena Dorcas,Dorcas Copper,"","OH, PA",""
Hesperioidea,Hesperiidae,,Skippers,Hesperia Attalus,Dotted Skipper,"","MD, MA, NJ, NY, NC, PA, VA","Aristida, Bouteloua, Digitaria"
Hesperioidea,Hesperiidae,,Skippers,Erynnis Icelus,Dreamy Duskywing,"","CT, MD, MA, NJ, NY, NC, OH, PA, RI, VA, WV","Betula, Populus, Robinia, Salix"
Hesperioidea,Hesperiidae,,Skippers,Euphyes Dukesi,Dukes' Skipper,"","NC, OH, VA","Carex, Rhynchospora"
Hesperioidea,Hesperiidae,,Skippers,Euphyes Ruricola Metacomet,Dun Skipper,"","CT, DE, MD, MA, NJ, NY, NC, OH, PA, RI, VA, WV",""
Hesperioidea,Hesperiidae,,Skippers,Euphyes Vestris,Dun Skipper,"","CT, DE, MD, MA, NJ, NY, NC, OH, PA, RI, VA, WV","Carex, Cyperus"
Papilionoidea,Lycaenidae,,Gossamer-winged,Celastrina Nigra,Dusky Azure,"","MD, NC, OH, PA, VA, WV","Aruncus"
Papilionoidea,Lycaenidae,,Gossamer-winged,Celastrina Ebenina,Dusky Blue,"","MD, NC, OH, PA, VA, WV","Aruncus"
Hesperioidea,Hesperiidae,,Skippers,Amblyscirtes Alternata,Dusky Roadside-Skipper,"","NC, OH, VA",""
Hesperioidea,Hesperiidae,,Skippers,Atrytonopsis Hianna,Dusted Skipper,"","CT, DE, MD, MA, NJ, NY, NC, OH, PA, RI, VA, WV","Andropogon, Schizachyrium, Sorghastrum"
Papilionoidea,Lycaenidae,,Gossamer-winged,Erora Laeta,Early Hairstreak,"","MD, MA, NJ, NY, NC, PA, VA, WV","Corylus, Fagus, Quercus, Salix"
Papilionoidea,Nymphalidae,,Brush-footed,Polygonia Comma,Eastern Comma,"","CT, DE, MD, MA, NJ, NY, NC, OH, PA, RI, VA, WV","Betula, Boehmeria, Celtis, Humulus, Laportea, Ulmus, Urtica"
Papilionoidea,Lycaenidae,,Gossamer-winged,Callophrys Niphon,Eastern Pine Elfin,"","CT, DE, MD, MA, NJ, NY, NC, OH, PA, RI, VA, WV",""
Papilionoidea,Nymphalidae,Libytheidae,Snout Butterflies,Libytheana Bachmanii,Eastern Snout Butterfly,"","CT, DE, MD, MA, NJ, NY, NC, PA, RI, VA","Celtis, Symphoricarpos"
Papilionoidea,Lycaenidae,,Gossamer-winged,Everes Comyntas,Eastern Tailed-Blue,"","CT, MD, MA, NY, NC, PA, RI, VA, WV","Astragalus, Desmodium, Lathyrus, Lespedeza, Lotus, Lupinus, Medicago, Melilotus, Trifolium, Vicia"
Papilionoidea,Papilionidae,,Swallowtails,Papilio Glaucus,Eastern Tiger Swallowtail,"","CT, DE, MD, MA, NJ, NY, NC, OH, PA, RI, VA, WV","Acer, Alnus, Betula, Carpinus, Carya, Catalpa, Cinnamomum, Cirsium, Crataegus, Cydonia, Fraxinus, Lindera, Liriodendron, Magnolia, Malus, Populus, Prunus, Ptelea, Quercus, Salix, Sassafras, Sorbus, Syringa, Tilia, Zanthoxylum"
Papilionoidea,Lycaenidae,,Gossamer-winged,Celastrina Ladon Lucia Violacea,Edwards' Azure,"","","Cornus, Ledum, Lonicera, Prunus, Rhamnus, Vaccinium, Viburnum"
Papilionoidea,Lycaenidae,,Gossamer-winged,Satyrium Edwardsii,Edwards' Hairstreak,"","CT, MD, MA, NJ, NY, NC, OH, PA, RI, VA, WV","Quercus"
Hesperioidea,Hesperiidae,,Skippers,Lerodea Eufala,Eufala Skipper,"","DE, MD, NJ, NY, NC, PA, VA","Cynodon, Eustachys, Imperata, Paspalum, Sorghastrum, Stenotaphrum, Urochloa"
Papilionoidea,Nymphalidae,,Brush-footed,Inachis Io,European Peacock,"","CT, DE, MD, MA, NJ, NY, NC, OH, PA, RI, VA, WV","Arctostaphylos, Ceanothus, Chamaecyparis, Eriogonum, Gaylussacia, Juniperus, Kalmia, Ledum, Rhododendron, Sedum, Vaccinium"
Hesperioidea,Hesperiidae,,Skippers,Thymelicus Lineola,European Skipper,"","CT, DE, MD, MA, NJ, NY, NC, OH, PA, RI, VA, WV","Dactylis, Elymus, Holcus, Phleum"
Papilionoidea,Nymphalidae,Satyridae,Browns,Satyrodes Eurydice,Eyed Brown,"","CT, DE, NJ, NY, PA","Carex, Scirpus"
Papilionoidea,Pieridae,,Whites & Sulfers,Anthocharis Midea,Falcate Orangetip,"","CT, DE, MD, MA, NJ, NY, NC, OH, PA, VA, WV","Arabis, Barbarea, Capsella, Cardamine, Draba, Lepidium, Sisymbrium"
Papilionoidea,Pieridae,,Whites & Sulfers,Paramidea Midea,Falcate Orangetip,"","",""
Hesperioidea,Hesperiidae,,Skippers,Hylephila Phyleus,Fiery Skipper,"","CT, DE, MD, MA, NJ, NY, NC, OH, PA, RI, VA, WV","Cynodon, Digitaria, Saccharum, Stenotaphrum"
Papilionoidea,Lycaenidae,,Gossamer-winged,Callophrys Irus,Frosted Elfin,"","CT, DE, MD, MA, NJ, NY, NC, OH, PA, RI, VA, WV",""
Papilionoidea,Lycaenidae,,Gossamer-winged,Sandia Irus,Frosted Elfin,"","NY",""
Hesperioidea,Hesperiidae,,Skippers,Erynnis Funeralis,Funereal Duskywing,"","MD, NJ, NC, RI, VA, WV","Indigofera, Lotus, Medicago, Nemophila, Robinia, Sesbania"
Papilionoidea,Nymphalidae,Satyridae,Browns,Cyllopsis Gemma,Gemmed Satyr,"","MD, NC, OH, VA, WV","Chasmanthium, Cynodon"
Papilionoidea,Nymphalidae,,Brush-footed,Euptychia Areolata,Georgia Satyr,"","",""
Papilionoidea,Nymphalidae,Satyridae,Browns,Neonympha Areolata,Georgia Satyr,"","NJ, NC, VA","Andropogon, Carex, Scirpus"
Papilionoidea,Papilionidae,,Swallowtails,Heraclidea Cresphontes,Giant Swallowtail,"","",""
Papilionoidea,Papilionidae,,Swallowtails,Papilio Cresphontes,Giant Swallowtail,"","CT, MD, MA, NJ, NY, NC, OH, PA, RI, VA, WV","Citrus, Dictamnus, Fraxinus, Humulus, Poncirus, Populus, Ptelea, Ruta, Zanthoxylum"
Papilionoidea,Nymphalidae,,Brush-footed,Anaea Andria,Goatweed Leafwing,"","NC, OH, VA, WV","Croton"
Hesperioidea,Hesperiidae,,Skippers,Autochton Cellus,Golden Banded-Skipper,"","CT, DE, MD, NJ, NY, NC, OH, PA, RI, VA, WV","Amphicarpaea, Pueraria, Stylisma"
Papilionoidea,Nymphalidae,,Brush-footed,Chlosyne Gorgone,Gorgone Checkerspot,"","NY, PA, WV","Ambrosia, Aster, Helianthus, Iva, Linaria, Lysimachia, Machaeranthera, Phyla"
Papilionoidea,Nymphalidae,,Brush-footed,Polygonia Progne,Gray Comma,"","CT, DE, MD, MA, NJ, NY, NC, OH, PA, RI, VA, WV","Ribes, Ulmus"
Papilionoidea,Lycaenidae,,Gossamer-winged,Strymon Melinus,Gray Hairstreak,"","DE, MD, MA, NJ, NY, NC, OH, PA, VA, WV","Amorpha, Ceanothus, Chamaecrista, Comptonia, Crataegus, Croton, Desmodium, Eriogonum, Frangula, Froelichia, Galactia, Hibiscus, Humulus, Lespedeza, Lupinus, Malus, Malva, Melilotus, Mentha, Phaseolus, Polygonella, Polygonum, Rhododendron, Scabiosa, Sida, Sidalcea, Tephrosia, Trifolium, Vigna, Zea"
Papilionoidea,Lycaenidae,,Gossamer-winged,Atlides Halesus,Great Purple Hairstreak,"","DE, MD, NJ, NY, NC, VA, WV","Phoradendron, Prosopis"
Papilionoidea,Pieridae,,Whites & Sulfers,Ascia Monuste,Great Southern White,"","DE, MD, NC, VA","Brassica, Cakile, Cardamine, Cleome, Lepidium, Tropaeolum"
Papilionoidea,Nymphalidae,,Brush-footed,Speyeria Cybele,Great Spangled Fritillary,"","DE, MD, NJ, NY, NC, OH, PA, VA, WV","Viola"
Papilionoidea,Nymphalidae,,Brush-footed,Polygonia Faunus,Green Comma,"","MA, NJ, NY, NC, PA, RI, VA, WV","Alnus, Betula, Populus, Rhododendron, Ribes, Salix, Urtica, Vaccinium"
Hesperioidea,Hesperiidae,,Skippers,Pyrgus Centaureae,Grizzled Skipper,"","DE, MD, NJ, NY, NC, OH, PA, VA, WV","Fragaria, Potentilla, Rubus"
Papilionoidea,Nymphalidae,,Brush-footed,Asterocampa Celtis,Hackberry Emperor,"","CT, DE, MD, MA, NJ, NY, NC, OH, PA, RI, VA, WV","Celtis"
Papilionoidea,Nymphalidae,,Brush-footed,Chlosyne Harrisii,Harris' Checkerspot,"","CT, MD, MA, NJ, NY, OH, PA, RI, WV","Aster, Doellingeria, Solidago, Verbesina"
Papilionoidea,Lycaenidae,,Gossamer-winged,Feniseca Tarquinius,Harvester,"","CT, DE, MD, MA, NJ, NY, NC, OH, PA, RI, WV",""
Hesperioidea,Hesperiidae,,Skippers,Staphylus Hayhurstii,Hayhurst's Scallopwing,"","DE, MD, NJ, NC, OH, PA, VA, WV","Alternanthera, Amaranthus, Chenopodium, Iresine"
Papilionoidea,Lycaenidae,,Gossamer-winged,Callophrys Henrici,Henry's Elfin,"","CT, DE, MD, MA, NJ, NY, NC, PA, RI, VA, WV",""
Papilionoidea,Lycaenidae,,Gossamer-winged,Incisalia Henrici,Henry's Elfin,"","CT, DE, MD, MA, NJ, NY, NC, OH, PA, RI, VA, WV","Baptisia, Crotalaria, Lupinus, Pinus"
Papilionoidea,Lycaenidae,,Gossamer-winged,Callophrys Hesseli,Hessel's Hairstreak,"","CT, DE, MD, MA, NJ, NY, NC, OH, RI, VA",""
Papilionoidea,Lycaenidae,,Gossamer-winged,Mitoura Hesseli,Hessel's Hairstreak,"","CT, DE, MD, MA, NJ, NY, NC, RI, VA","Chamaecyparis"
Papilionoidea,Lycaenidae,,Gossamer-winged,Satyrium Caryaevorum,Hickory Hairstreak,"","CT, MD, MA, NJ, NY, NC, OH, PA, RI, VA, WV","Carya, Castanea, Crataegus, Fraxinus, Juglans, Quercus"
Papilionoidea,Nymphalidae,,Brush-footed,Polygonia Gracilis,Hoary Comma,"","NY","Ambrosia, Ribes, Rosa"
Hesperioidea,Hesperiidae,,Skippers,Achalarus Lyciades,Hoary Edge,"","DE, MD, MA, NJ, NY, NC, OH, PA, RI, VA, WV","Amorpha, Baptisia, Bidens, Clitoria, Desmodium, Hedysarum, Lespedeza"
Papilionoidea,Lycaenidae,,Gossamer-winged,Callophrys Polios,Hoary Elfin,"","CT, MA, NJ, NY, OH, PA, RI, VA, WV","Arctostaphylos, Epigaea"
Papilionoidea,Lycaenidae,,Gossamer-winged,Incisalia Polios,Hoary Elfin,"","CT, DE, MD, NJ, NY, NC, PA, RI","Rubus"
Hesperioidea,Hesperiidae,,Skippers,Poanes Hobomok,Hobomok Skipper,"","CT, DE, MD, MA, NJ, NY, NC, OH, PA, RI, VA, WV","Panicum, Poa, Tridens"
Papilionoidea,Lycaenidae,,Gossamer-winged,Celastrina Argiolus,Holly Blue,"","","Aesculus, Ceanothus, Cornus, Quercus"
Papilionoidea,Lycaenidae,,Gossamer-winged,Celastrina Argiolus Pseudargiolus,Holly Blue,"","MD, NC, PA, VA",""
Hesperioidea,Hesperiidae,,Skippers,Erynnis Horatius,Horace's Duskywing,"","CT, DE, MD, MA, NJ, NY, NC, OH, PA, RI, VA, WV","Quercus, Wisteria"
Hesperioidea,Hesperiidae,,Skippers,Hesperia Sassacus,Indian Skipper,"","CT, DE, MD, MA, NJ, NY, NC, OH, PA, RI, VA, WV","Digitaria, Festuca, Panicum, Schizachyrium"
Papilionoidea,Nymphalidae,Satyridae,Browns,Coenonympha Tullia Inornata,Inornate Ringlet,"","MA, NY","Carex, Eriophorum, Oryzopsis, Poa"
Papilionoidea,Lycaenidae,,Gossamer-winged,Callophrys Gryneus,Juniper Hairstreak,"","CT, DE, MD, MA, NJ, NY, NC, PA, RI, VA, WV",""
Hesperioidea,Hesperiidae,,Skippers,Erynnis Juvenalis,Juvenal's Duskywing,"","CT, DE, MD, MA, NJ, NY, NC, OH, PA, RI, VA, WV","Acer, Carya, Lathyrus, Quercus"
Papilionoidea,Lycaenidae,,Gossamer-winged,Satyrium Kingi,King's Hairstreak,"","DE, MD, MA, VA","Rhododendron"
Hesperioidea,Hesperiidae,,Skippers,Amblyscirtes Aesculapius,Lace-winged Roadside-Skipper,"","CT, MA, NC, RI, VA","Arundinaria"
Papilionoidea,Pieridae,,Whites & Sulfers,Phoebis Agarithe,Large Orange Sulphur,"","MD, NJ, NY, OH",""
Hesperioidea,Hesperiidae,,Skippers,Ancyloxypha Numitor,Least Skipper,"","CT, DE, MD, MA, NJ, NY, NC, OH, PA, RI, VA, WV","Leersia, Oryza, Panicum, Poa, Sacciolepis, Setaria, Spartina, Zea, Zizaniopsis"
Hesperioidea,Hesperiidae,,Skippers,Hesperia Leonardus,Leonard's Skipper,"","CT, MD, MA, NJ, NY, NC, OH, PA, RI, VA, WV","Agrostis, Danthonia, Panicum"
Hesperioidea,Hesperiidae,,Skippers,Pompeius Verna,Little Glassywing,"","CT, DE, MD, MA, NJ, NY, NC, OH, PA, RI, VA, WV","Tridens"
Papilionoidea,Riodinidae,,Metalmarks,Calephelis Borealis,Little Metalmark,"","CT, MD, NJ, NY, PA, VA","Senecio"
Papilionoidea,Nymphalidae,,Brush-footed,Diaethria Clymena,Little Wood Satyr,"","",""
Papilionoidea,Nymphalidae,Satyridae,Browns,Megisto Cymela,Little Wood Satyr,"","CT, DE, MD, MA, NJ, NY, NC, OH, PA, RI, VA, WV","Dactylis, Eremochloa, Poa, Stenotaphrum"
Papilionoidea,Pieridae,,Whites & Sulfers,Eurema Lisa,Little Yellow,"","CT, DE, MD, MA, NJ, NY, NC, OH, PA, RI, VA, WV","Amphicarpaea, Cassia, Desmanthus, Glycine, Mimosa, Trifolium"
Hesperioidea,Hesperiidae,,Skippers,Polites Mystic,Long Dash,"","CT, MD, MA, NJ, NY, NC, OH, PA, RI, VA, WV","Carex, Echinochloa, Elytrigia, Paspalum, Phleum, Poa"
Hesperioidea,Hesperiidae,,Skippers,Urbanus Proteus,Long-Tailed Skipper,"","CT, DE, MD, MA, NJ, NY, NC, PA, RI, VA, WV","Alysicarpus, Bidens, Centrosema, Clitoria, Desmodium, Galactia, Glycine, Phaseolus, Prosopis, Pueraria, Rhynchosia, Sesbania, Vigna, Wisteria"
Papilionoidea,Nymphalidae,,Brush-footed,Euptychia Cymela,Magisto,"","",""
Papilionoidea,Lycaenidae,,Gossamer-winged,Leptotes Marina,Marine Blue,"","NY, OH, VA","Amorpha, Astragalus, Lathyrus, Lotus, Medicago, Wisteria"
Papilionoidea,Lycaenidae,,Gossamer-winged,Lycaeides Melissa,Melissa Blue,"","NJ, NY, OH, PA","Lupinus"
Hesperioidea,Hesperiidae,,Skippers,Hesperia Meskei,Meske's Skipper,"","NC",""
Papilionoidea,Nymphalidae,,Brush-footed,Aglais Milberti,Milbert's Tortoiseshell,"","CT, DE, MD, MA, NJ, NY, NC, OH, PA, RI, WV","Helianthus, Laportea, Ribes, Salix, Ulmus, Urtica"
Papilionoidea,Nymphalidae,,Brush-footed,Nymphalis Milberti,Milbert's Tortoiseshell,"","CT, DE, MD, MA, NJ, NY, NC, OH, PA, RI, WV",""
Papilionoidea,Nymphalidae,,Brush-footed,Hypolimnas Misippus,Mimic,"","NC",""
Papilionoidea,Nymphalidae,Satyridae,Browns,Neonympha Mitchellii,Mitchell's Satyr,"","MD, NJ, NC, OH","Carex, Digitaria, Scirpus, Sorghastrum"
Papilionoidea,Nymphalidae,Danaidae,Milkweed Butterflies,Danaus Plexippus,Monarch,"","CT, DE, MD, MA, NJ, NY, NC, OH, PA, RI, VA, WV","Asclepias, Calotropis, Citrus, Cynanchum, Euphorbia, Gossypium, Ipomoea, Matelea"
Hesperioidea,Hesperiidae,,Skippers,Erynnis Martialis,Mottled Duskywing,"","CT, MD, MA, NJ, NY, NC, OH, PA, RI, VA, WV","Amaranthus, Ceanothus"
Papilionoidea,Nymphalidae,,Brush-footed,Speyeria Atlantis,Mountain Silver-Spot,"","DE, MD, MA, NJ, NY, OH, PA, VA, WV","Viola"
Papilionoidea,Nymphalidae,,Brush-footed,Nymphalis Antiopa,Mourning Cloak,"","CT, DE, MD, MA, NJ, NY, NC, OH, PA, RI, VA, WV","Acer, Alnus, Betula, Celtis, Fraxinus, Humulus, Ostrya, Populus, Pyrus, Salix, Sorbus, Tilia, Ulmus"
Hesperioidea,Hesperiidae,,Skippers,Poanes Massasoit,Mulberry Wing,"","CT, DE, MD, MA, NJ, NY, OH, PA, RI","Carex"
Papilionoidea,Pieridae,,Whites & Sulfers,Pieris Napi,Mustard White,"","CT, MA, NJ, NY, PA","Arabis, Barbarea, Cardamine, Rorippa"
Papilionoidea,Pieridae,,Whites & Sulfers,Pieris Oleracea,Mustard White,"","CT, NJ, NY, NC, OH, RI, WV","Arabis, Barbarea, Cardamine"
Papilionoidea,Lycaenidae,,Gossamer-winged,Celastrina Ladon Lucia,Northern Azure,"","","Aralia, Cornus, Prunus, Vaccinium, Viburnum"
Hesperioidea,Hesperiidae,,Skippers,Wallengrenia Egeremet,Northern Broken-Dash,"","CT, DE, MD, NJ, NY, NC, OH, PA, VA, WV","Panicum"
Hesperioidea,Hesperiidae,,Skippers,Thorybes Pylades,Northern Cloudywing,"","CT, DE, MD, MA, NJ, NY, NC, OH, PA, RI, VA, WV","Amorpha, Apios, Astragalus, Bidens, Centrosema, Desmodium, Galactia, Lathyrus, Lespedeza, Lotus, Medicago, Rhynchosia, Tephrosia, Trifolium, Vicia"
Papilionoidea,Nymphalidae,,Brush-footed,Phyciodes Cocyta,Northern Crescent,"","MA, NJ, NY, NC, OH, PA, RI, VA, WV",""
Papilionoidea,Nymphalidae,,Brush-footed,Phyciodes Selenis,Northern Crescent,"","NJ",""
Papilionoidea,Lycaenidae,,Gossamer-winged,Euristrymon Ontario,Northern Hairstreak,"","OH",""
Papilionoidea,Lycaenidae,,Gossamer-winged,Fixsenia Ontario,Northern Hairstreak,"","CT, DE, MD, MA, NJ, NY, NC, PA, RI, VA","Crataegus, Quercus"
Papilionoidea,Riodinidae,,Metalmarks,Calephelis Virginiensis,Northern Metalmark,"","MD, NC, OH, VA, WV","Carphephorus, Cirsium, Mikania"
Papilionoidea,Nymphalidae,,Brush-footed,Phyciodes Pascoensis,Northern Pearl Crescent,"","NJ, NY, PA, WV",""
Papilionoidea,Nymphalidae,Satyridae,Browns,Enodia Anthedon,Northern Pearly Eye,"","CT, MD, MA, NJ, NY, NC, OH, PA, RI, VA, WV","Brachyelytrum, Chasmanthium, Elymus, Leersia, Panicum, Phalaris, Saccharum, Schizachne"
Hesperioidea,Hesperiidae,,Skippers,Panoquina Ocola,Ocola Skipper,"","CT, DE, MD, NJ, NY, NC, PA, VA","Leersia, Oryza, Panicum"
Papilionoidea,Lycaenidae,,Gossamer-winged,Mitoura Gryneus,Olive Hairstreak,"","CT, DE, MD, MA, NJ, NY, NC, OH, PA, RI, VA, WV","Chamaecyparis, Juniperus"
Papilionoidea,Pieridae,,Whites & Sulfers,Euchloe Olympia,Olympia Marble,"","MD, NY, OH, PA, RI, VA, WV","Arabis, Descurainia, Sisymbrium"
Papilionoidea,Pieridae,,Whites & Sulfers,Colias Eurytheme,Orange Sulphur,"","CT, DE, MD, MA, NJ, NY, NC, OH, PA, RI, VA, WV","Astragalus, Baptisia, Cassia, Cucumis, Glycine, Glycyrrhiza, Lathyrus, Lespedeza, Lotus, Lupinus, Medicago, Melilotus, Phaseolus, Pisum, Securigera, Sesbania, Thermopsis, Trifolium, Vicia"
Papilionoidea,Pieridae,,Whites & Sulfers,Phoebis Philea,Orange-barred Sulphur,"","CT, NJ, NY, OH, PA, RI, VA","Cassia, Senna"
Papilionoidea,Nymphalidae,,Brush-footed,Vanessa Cardui,Painted Lady,"","CT, DE, MD, MA, NJ, NY, NC, OH, PA, RI, VA, WV","Alcea, Amsinckia, Anaphalis, Arctium, Artemisia, Centaurea, Cirsium, Cynara, Helianthus, Lupinus, Malva, Plantago, Senecio, Silybum, Sphaeralcea, Ulmus, Urtica"
Papilionoidea,Papilionidae,,Swallowtails,Papilio Palamedes,Palamedes Swallowtail,"","DE, MD, NJ, NC, VA","Cinnamomum, Lindera, Litsea, Magnolia, Persea, Sassafras"
Papilionoidea,Papilionidae,,Swallowtails,Pterourus Palamedes,Palamedes Swallowtail,"","",""
Hesperioidea,Hesperiidae,,Skippers,Euphyes Palatka,Palatka Skipper,"","MD, NC, VA",""
Papilionoidea,Nymphalidae,,Brush-footed,Phyciodes Tharos,Pearl Crescent,"","CT, DE, MD, MA, NJ, NY, NC, OH, PA, RI, VA, WV","Aster, Doellingeria, Erigeron, Sericocarpus, Verbesina"
Hesperioidea,Hesperiidae,,Skippers,Polites Peckius,Peck's Skipper,"","CT, DE, MD, MA, NJ, NY, NC, OH, PA, RI, VA, WV","Leersia, Oryza, Poa"
Hesperioidea,Hesperiidae,,Skippers,Amblyscirtes Hegon,Pepper and Salt Skipper,"","CT, MD, MA, NJ, NY, NC, OH, PA, RI, VA, WV","Chasmanthium, Poa, Sorghastrum, Sorghum"
Hesperioidea,Hesperiidae,,Skippers,Erynnis Persius,Persius Duskywing,"","CT, MD, MA, NJ, NY, NC, OH, PA, RI, VA","Lotus, Lupinus, Populus, Salix, Thermopsis, Trifolium"
Papilionoidea,Nymphalidae,,Brush-footed,Phyciodes Phaon,Phaon Crescent,"","NJ, NC, VA","Phyla"
Papilionoidea,Lycaenidae,,Gossamer-winged,Incisalia Niphon,Pine Elfin,"","",""
Papilionoidea,Pieridae,,Whites & Sulfers,Colias Interior,Pink-Edged Sulphur,"","MD, MA, NY, OH, PA, VA, WV","Vaccinium"
Papilionoidea,Papilionidae,,Swallowtails,Battus Philenor,Pipevine Swallowtail,"","CT, DE, MD, MA, NJ, NY, NC, OH, PA, RI, VA, WV","Aristolochia, Calystegia, Polygonum"
Papilionoidea,Lycaenidae,,Gossamer-winged,Lycaena Helloides,Purplish Copper,"","NY, OH","Dasiphora, Polygonum, Rumex"
Papilionoidea,Nymphalidae,Danaidae,Milkweed Butterflies,Danaus Gilippus,Queen,"","NC, OH","Asclepias, Calotropis, Cynanchum, Matelea, Vincetoxicum"
Papilionoidea,Nymphalidae,,Brush-footed,Polygonia Interrogationis,Question Mark,"","CT, DE, MD, MA, NJ, NY, NC, OH, PA, RI, VA, WV","Boehmeria, Celtis, Humulus, Populus, Tilia, Ulmus, Urtica"
Hesperioidea,Hesperiidae,,Skippers,Problema Bulenta,Rare Skipper,"","DE, MD, NJ, NC, VA","Spartina"
Papilionoidea,Lycaenidae,,Gossamer-winged,Hemiargus Isola,Reakirt's Blue,"","OH, PA",""
Papilionoidea,Nymphalidae,,Brush-footed,Vanessa Atalanta,Red Admiral,"","CT, DE, MD, MA, NJ, NY, NC, OH, PA, RI, VA, WV","Boehmeria, Humulus, Laportea, Parietaria, Urtica"
Papilionoidea,Lycaenidae,,Gossamer-winged,Calycopis Cecrops,Red-banded Hairstreak,"","CT, DE, MD, NJ, NY, NC, OH, PA, RI, VA, WV","Croton, Gossypium, Myrica, Quercus, Rhus, Schinus"
Papilionoidea,Nymphalidae,,Brush-footed,Limenitis Arthemis,Red-spotted Purple,"","CT, DE, MD, MA, NJ, NY, NC, OH, PA, RI, VA",""
Papilionoidea,Nymphalidae,,Brush-footed,Speyeria Idalia,Regal Fritillary,"","CT, DE, MD, MA, NJ, NY, NC, OH, PA, RI, VA, WV","Viola"
Papilionoidea,Lycaenidae,,Gossamer-winged,Plebeius Argyrognomon,Reverdin's Blue,"","",""
Hesperioidea,Hesperiidae,,Skippers,Amblyscirtes Reversa,Reversed Roadside-Skipper,"","NC, VA","Arundinaria"
Papilionoidea,Nymphalidae,,Brush-footed,Marpesia Petreus,Ruddy Daggerwing,"","MA, PA, VA","Ficus"
Hesperioidea,Hesperiidae,,Skippers,Atalopedes Campestris,Sachem,"","DE, MD, MA, NJ, NY, NC, OH, PA, RI, VA, WV","Cynodon, Distichlis, Poa, Stenotaphrum"
Hesperioidea,Hesperiidae,,Skippers,Panoquina Panoquin,Salt Marsh Skipper,"","DE, MD, MA, NJ, NY, NC, OH, PA, RI, VA, WV","Distichlis, Spartina"
Papilionoidea,Nymphalidae,Satyridae,Browns,Hermeuptychia Hermes,Satyr Butterfly,"","DE, MD, NJ, NC, PA, VA","Axonopus, Cynodon, Eremochloa, Stenotaphrum"
Hesperioidea,Hesperiidae,,Skippers,Euphyes Pilatka,Sawgrass Skipper,"","MD, NC, VA","Cladium, Cyperus"
Papilionoidea,Lycaenidae,,Gossamer-winged,Plebeius Scudderi,Scudder's Blue,"","CT, PA",""
Papilionoidea,Nymphalidae,,Brush-footed,Boloria Bellona,Silver-bordered Fritillary,"","CT, DE, MD, MA, NJ, NY, NC, OH, PA, RI, VA, WV","Viola"
Hesperioidea,Hesperiidae,,Skippers,Epargyreus Clarus,Silver-Spotted Skipper,"","CT, DE, MA, NJ, NY, NC, OH, PA, RI, VA, WV","Acacia, Amorpha, Amphicarpaea, Apios, Astragalus, Cassia, Desmodium, Gleditsia, Glycyrrhiza, Lathyrus, Lespedeza, Lotus, Phaseolus, Pueraria, Rhynchosia, Robinia, Wisteria"
Papilionoidea,Lycaenidae,,Gossamer-winged,Glaucopsyche Lygdamus,Silvery Blue,"","CT, MD, MA, NY, NC, OH, PA, VA, WV","Astragalus, Hedysarum, Lathyrus, Lotus, Lupinus, Medicago, Melilotus, Thermopsis, Vicia"
Papilionoidea,Nymphalidae,,Brush-footed,Chlosyne Nycteis,Silvery Checkerspot,"","CT, MD, MA, NJ, NY, NC, OH, PA, RI, VA, WV","Aster, Conyza, Doellingeria, Helianthus, Rudbeckia, Solidago, Verbesina"
Hesperioidea,Hesperiidae,,Skippers,Erynnis Brizo,Sleepy Duskywing,"","CT, DE, MD, MA, NJ, NY, NC, OH, PA, RI, VA, WV","Quercus"
Papilionoidea,Pieridae,,Whites & Sulfers,Eurema Nicippe,Sleepy Orange,"","CT, DE, MD, NJ, NY, NC, OH, PA, VA, WV","Cassia, Senna"
Papilionoidea,Nymphalidae,,Brush-footed,Nymphalis Urticae,Small Tortoiseshell,"","MA, NY","Urtica"
Papilionoidea,Nymphalidae,Danaidae,Milkweed Butterflies,Danaus Eresimus,Soldier,"","NC","Cynanchum"
Hesperioidea,Hesperiidae,,Skippers,Wallengrenia Otho,Southern Broken-Dash,"","DE, MD, NC, PA, VA","Digitaria, Paspalum, Stenotaphrum"
Hesperioidea,Hesperiidae,,Skippers,Thorybes Bathyllus,Southern Cloudywing,"","CT, DE, MD, NJ, NY, NC, OH, PA, RI, VA, WV","Apios, Astragalus, Centrosema, Clitoria, Desmodium, Lespedeza, Rhynchosia, Strophostyles, Tephrosia, Trifolium"
Papilionoidea,Pieridae,,Whites & Sulfers,Colias Cesonia,Southern Dogface,"","NY",""
Papilionoidea,Pieridae,,Whites & Sulfers,Zerene Cesonia,Southern Dogface,"","CT, DE, MD, NJ, NY, NC, OH, PA, VA","Amorpha, Dalea, Trifolium"
Hesperioidea,Hesperiidae,,Skippers,Atrytonopsis Loammi,Southern Dusted Skipper,"","NC","Schizachyrium"
Papilionoidea,Lycaenidae,,Gossamer-winged,Euristrymon Favonius,Southern Hairstreak,"","NC",""
Papilionoidea,Lycaenidae,,Gossamer-winged,Fixsenia Favonius,Southern Hairstreak,"","CT, MD, MA, NJ, NY, NC, OH, PA, RI, VA, WV","Quercus"
Papilionoidea,Lycaenidae,,Gossamer-winged,Satyrium Favonius,Southern Hairstreak,"","MA",""
Papilionoidea,Nymphalidae,Satyridae,Browns,Enodia Portlandia,Southern Pearly Eye,"","NJ, NC, VA","Arundinaria, Thamnocalamus"
Hesperioidea,Hesperiidae,,Skippers,Copaeodes Minima,Southern Skipperling,"","NC, VA","Cynodon"
Papilionoidea,Papilionidae,,Swallowtails,Papilio Troilus,Spicebush Swallowtail,"","CT, DE, MD, MA, NJ, NY, NC, OH, PA, RI, VA, WV","Cercis, Cinnamomum, Lindera, Liriodendron, Litsea, Magnolia, Persea, Photinia, Sassafras, Syringa, Zanthoxylum"
Papilionoidea,Papilionidae,,Swallowtails,Pterourus Troilus,Spicebush Swallowtail,"","",""
Papilionoidea,Lycaenidae,,Gossamer-winged,Celastrina Ladon,Spring Azure,"","MD, NY, NC, OH, PA, VA, WV","Aralia, Cornus, Prunus, Viburnum"
Papilionoidea,Nymphalidae,,Brush-footed,Polygonia Satyrus,Squash Vine Borer Moth,"","NY","Humulus, Rhododendron, Ribes, Salix, Urtica"
Papilionoidea,Lycaenidae,,Gossamer-winged,Satyrium Liparops,Striped Hairstreak,"","CT, DE, MD, MA, NJ, NY, NC, OH, PA, RI, VA, WV","Amelanchier, Carpinus, Carya, Castanea, Crataegus, Fraxinus, Hamamelis, Malus, Photinia, Populus, Prunus, Quercus, Rhododendron, Rubus, Salix, Sorbus, Vaccinium"
Papilionoidea,Lycaenidae,,Gossamer-winged,Celastrina Neglecta,Summer Azure,"","CT, DE, MD, MA, NY, NC, OH, PA, RI, VA, WV","Actaea, Agastache, Aralia, Ceanothus, Collinsonia, Cornus, Eupatorium, Humulus, Lupinus, Oxydendrum, Rhus, Spiraea, Verbesina, Viburnum"
Papilionoidea,Papilionidae,,Swallowtails,Pterourus Other,Swallowtails,"","NC, PA, VA, WV",""
Papilionoidea,Riodinidae,,Metalmarks,Calephelis Mutica,Swamp Metalmark,"","OH, PA","Cirsium"
Hesperioidea,Hesperiidae,,Skippers,Nastra L'herminieri,Swarthy Skipper,"","CT, DE, MD, MA, NJ, NY, OH, PA, RI, VA, WV","Andropogon, Schizachyrium, Sorghastrum, Sorghum"
Papilionoidea,Nymphalidae,,Brush-footed,Phyciodes Batesii,Tawny Crescent,"","MD, NJ, NY, NC, OH, PA, VA, WV","Aster, Doellingeria"
Papilionoidea,Nymphalidae,,Brush-footed,Asterocampa Clyton,Tawny Emperor,"","CT, DE, MD, MA, NJ, NY, NC, PA, VA","Celtis, Stenotaphrum"
Hesperioidea,Hesperiidae,,Skippers,Polites Themistocles,Tawny-edged Skipper,"","CT, DE, MD, MA, NJ, NY, NC, OH, PA, RI, VA, WV","Dichanthelium, Digitaria, Eremochloa, Panicum, Poa"
Papilionoidea,Lycaenidae,,Gossamer-winged,Heodes Hypophlaeas,The American Copper,"","MA, PA",""
Papilionoidea,Nymphalidae,,Brush-footed,Euphydryas Phaeton,The Baltimore,"","CT, DE, MD, MA, NJ, NY, NC, OH, PA, RI, VA, WV","Agalinis, Aureolaria, Chelone, Dasistoma, Digitalis, Fraxinus, Galeopsis, Lonicera, Mimulus, Pedicularis, Penstemon, Plantago, Scrophularia, Solidago, Symphoricarpos, Valerianella, Verbesina, Veronica, Viburnum, Wisteria"
Papilionoidea,Lycaenidae,,Gossamer-winged,Lycaena Thoe,The Bronze Copper,"","PA",""
Papilionoidea,Lycaenidae,,Gossamer-winged,Incisalia Augustinus,The Brown Elfin,"","","Kalmia, Vaccinium"
Papilionoidea,Lycaenidae,,Gossamer-winged,Elkalyce Comyntas,The Eastern Tailed Blue,"","PA",""
Papilionoidea,Lycaenidae,,Gossamer-winged,Incisalia Irus,The Hoary Elfin,"","CT, DE, MD, MA, NJ, NY, NC, OH, PA, RI, VA, WV","Juniperus, Picea, Pinus"
Papilionoidea,Pieridae,,Whites & Sulfers,Paramidea Genutia,The Orange Tip,"","PA",""
Papilionoidea,Lycaenidae,,Gossamer-winged,Celastrina Pseudargiolus,The Spring Azure,"","NJ, PA",""
Papilionoidea,Nymphalidae,,Brush-footed,Nymphalis J-album,The White J Butterfly,"","PA",""
Hesperioidea,Hesperiidae,,Skippers,Pyrgus Oileus,Tropical Checkered-Skipper,"","NY, NC, PA","Abutilon, Althaea, Malva, Sida"
Hesperioidea,Hesperiidae,,Skippers,Oligoria Maculata,Twin-spot Skipper,"","MD, MA, NJ, NY, NC, OH, PA, VA","Andropogon, Imperata, Sorghastrum"
Hesperioidea,Hesperiidae,,Skippers,Euphyes Bimacula,Two-spotted Skipper,"","CT, MD, MA, NJ, NY, NC, OH, PA, RI, VA, WV","Carex"
Papilionoidea,Nymphalidae,,Brush-footed,Occidryas Chalcedona,Variable checkerspot,"","",""
Papilionoidea,Nymphalidae,,Brush-footed,Euptoieta Claudia,Variegated Fritillary,"","CT, DE, MD, MA, NJ, NY, NC, OH, PA, RI, VA, WV","Caragana, Glycine, Ipomoea, Linum, Passiflora, Phaseolus, Plantago, Podophyllum, Portulaca, Sedum, Stachys, Vigna, Viola, Zea"
Papilionoidea,Nymphalidae,,Brush-footed,Speyeria Diana,Variegated Fritillary,"","MD, NC, VA, WV","Vernonia, Viola"
Papilionoidea,Nymphalidae,,Brush-footed,Limenitis Archippus,Viceroy,"","CT, DE, MD, MA, NJ, NY, NC, OH, PA, RI, VA, WV",""
Papilionoidea,Nymphalidae,,Brush-footed,Basilarchia Archippus,Viceroy Butterfly,"","CT, DE, MD, MA, NJ, NY, NC, OH, PA, RI, VA","Amelanchier, Betula, Gaylussacia, Malus, Populus, Prunus, Quercus, Salix"
Papilionoidea,Pieridae,,Whites & Sulfers,Pieris Virginiensis,West Virginia White,"","CT, MD, MA, NJ, NY, NC, OH, PA, RI, VA, WV","Arabis, Brassica, Cardamine"
Hesperioidea,Hesperiidae,,Skippers,Polites Vibex,Whirlabout,"","CT, MD, MA, NJ, NY, NC, OH, PA, RI, VA, WV","Cynodon, Digitaria, Paspalum, Stenotaphrum"
Papilionoidea,Lycaenidae,,Gossamer-winged,Parrhasius M-album,White M Hairstreak,"","CT, DE, MD, MA, NJ, NY, NC, OH, PA, RI, VA, WV","Quercus"
Papilionoidea,Nymphalidae,,Brush-footed,Anartia Jatrophae,White Peacock,"","MA, NJ, NC, VA","Bacopa, Justicia, Phyla, Ruellia"
Hesperioidea,Hesperiidae,,Skippers,Erynnis Baptisiae,Wild Indigo Duskywing,"","CT, DE, MD, MA, NJ, NY, NC, OH, PA, RI, VA, WV","Aquilegia, Astragalus, Baptisia, Crotalaria, Lupinus, Securigera, Thermopsis"
Hesperioidea,Hesperiidae,,Skippers,Poanes Yehl,Yehl Skipper,"","MA, VA","Arundinaria, Chasmanthium"
Hesperioidea,Hesperiidae,,Skippers,Megathymus Yuccae,Yucca Giant-Skipper,"","NC, VA","Yucca"
Hesperioidea,Hesperiidae,,Skippers,Poanes Zabulon,Zabulon Skipper,"","CT, DE, MD, MA, NJ, NY, NC, OH, PA, RI, VA, WV","Agrostis, Dactylis, Elymus, Elytrigia, Poa, Puccinellia, Tridens"
Hesperioidea,Hesperiidae,,Skippers,Erynnis Zarucco,Zarucco Duskywing,"","CT, DE, MD, NJ, NC, PA, VA","Baptisia, Galactia, Indigofera, Robinia, Sesbania"
Papilionoidea,Nymphalidae,,Brush-footed,Heliconius Charithonius,Zebra,"","MA, PA, VA","Passiflora"
Papilionoidea,Papilionidae,,Swallowtails,Eurytides Marcellus,Zebra Swallowtail,"","CT, DE, MD, MA, NJ, NY, NC, OH, PA, RI, VA, WV","Annona, Asimina"
